file,page,page_title,order_on_page,nearby_label,alt_text,width,height,bytes,pos_x_pct,pos_y_pct,w_pct,h_pct,media_id
p1_01_soft-watercolor-splash-stain-background_vMlpd3st.png,1,Overall mood,1,Unawatuna,Soft watercolor splash stain background,384,430,49956,61.3,-24.7,57.2,80,vMlpd3stG58aHB3O9vM4VaBoitMYEBzJOS5cj2YM820.png
p1_02_pink-watercolor-splatter_d-Cu7yf7.png,1,Overall mood,2,Hikkaduwa,Pink Watercolor Splatter ,800,517,90714,-13.7,-12.2,47.7,38.5,d-Cu7yf72rfVJU3ze_fDV-uGyYQOARnWT-hAvRInNwg.png
p1_03_island-chill_8502272e.jpg,1,Overall mood,3,ISLAND CHILL,,736,1308,333806,89.4,1.3,13.7,30.4,8502272e-3827-497c-9dd3-e286d03f0f31
p1_04_orange-watercolor-splotch-shape_kHM58rAM.png,1,Overall mood,4,TRAIN RIDES,Orange Watercolor Splotch Shape,800,781,181741,14.1,4.4,65.6,80,kHM58rAMoUtp8h4_U8sDx9MgBZIAVXmZEHMmJbSCHR4.png
p1_05_island-chill_4d713f56.jpg,1,Overall mood,5,ISLAND CHILL,,736,920,333065,77.2,6.7,11.8,18.4,4d713f56-38d5-462c-a757-7c8c60bb1036
p1_06_train-rides_d5ecafc7.jpg,1,Overall mood,6,TRAIN RIDES,,736,1103,221835,33.3,8.2,15,28.2,d5ecafc7-5033-4e74-addc-d6aa5adfd059
p1_07_beach-towns_1c8af8ed.jpg,1,Overall mood,7,BEACH TOWNS,,736,981,149089,49.6,8.2,14.1,23.6,1c8af8ed-5b40-4232-ab9b-186c8e1462d4
p1_08_hikkaduwa_24c04bd2.jpg,1,Overall mood,8,Hikkaduwa,,547,824,79981,17.5,11.3,14.6,27.6,24c04bd2-2cdf-47a8-86f0-7cd71dfa48fd
p1_09_unawatuna_022fcb7e.jpg,1,Overall mood,9,Unawatuna,,736,981,226524,64.6,12,11.9,19.7,022fcb7e-d44d-49cf-8164-54d91e62f663
p1_10_galle_533c89bd.jpg,1,Overall mood,10,Galle,,736,981,160673,2.2,17.4,14.5,24.2,533c89bd-92a0-4b77-8439-d3ed3f65c011
p1_11_watercolor-splash-splatter-pastel_3812c1ad.png,1,Overall mood,11,Galle,Watercolor Splash Splatter Pastel,800,712,891134,-52.8,18.5,71.9,80,3812c1ad-06c5-45f5-8c86-99afeeb9bb54
p1_12_4f411b45.jpg,1,Overall mood,12,,,736,981,215498,82.4,26.7,15,25,4f411b45-43d7-44e1-8d21-1ece3dbde1aa
p1_13_416d98f1.jpg,1,Overall mood,13,,,735,898,221283,64.7,30.7,15.7,24,416d98f1-8d6b-428b-9de9-3864cf5f6fed
p1_14_42f5f868.jpg,1,Overall mood,14,,,736,920,245273,30.1,36.5,15.9,24.9,42f5f868-a22a-4e16-891d-dfb732e9bbb0
p1_15_8f013338.jpg,1,Overall mood,15,,,736,915,143171,47.7,37.4,15.9,24.6,8f013338-6bff-4eb4-8d33-7205a980b110
p1_16_safari_fcaae9e5.jpg,1,Overall mood,16,SAFARI,,736,853,202622,11.3,42.2,17.1,24.8,fcaae9e5-820d-46e8-aaf1-8502c3370ac7
p1_17_coconut-roti_5caa1976.jpg,1,Overall mood,17,Coconut Roti,,736,1160,293800,84.1,58.3,11.7,23,5caa1976-4bc3-40f1-9333-848282e9def0
p1_18_35cde34f.jpg,1,Overall mood,18,,,736,981,208453,12.1,60.5,16.6,27.7,35cde34f-40a7-4253-8eb2-736b86678325
p1_19_d5eb0c97.jpg,1,Overall mood,19,,,736,1081,166778,29.9,63.3,14.4,26.3,d5eb0c97-8b2f-405b-9e26-3226ebdf283a
p1_20_sri-lankan-curry_7a68e07f.jpg,1,Overall mood,20,Sri Lankan Curry,,735,912,172412,45.5,63.5,21.1,32.7,7a68e07f-8da2-4131-94b8-08bf80115ede
p1_21_sri-lankan-curry_6e9a323b.jpg,1,Overall mood,21,Sri Lankan Curry,,736,1104,160530,70.6,64.3,12.1,22.6,6e9a323b-4821-4baf-94ac-c4fd351c03fa
p1_22_coconut-roti_a00add7e.jpg,1,Overall mood,22,Coconut Roti,,736,904,187180,85.4,81.5,11.6,17.8,a00add7e-2175-4fd1-9431-9448836b8935
p1_23_watercolor-brush-stroke_SrJq0FJU.png,1,Overall mood,23,"Srı lanka, august 2024",watercolor brush stroke,484,166,40985,-3.1,83.5,51.6,22.1,SrJq0FJUzvpqGhAbo3oTeT1yNQw_6h2UtMgvufdDbHk.png
p1_02_pink-watercolor-splatter_d-Cu7yf7.png,2,Itinerary,1,KANDY,Pink Watercolor Splatter ,800,517,90714,33.2,-23.9,47.7,38.5,d-Cu7yf72rfVJU3ze_fDV-uGyYQOARnWT-hAvRInNwg.png
p1_01_soft-watercolor-splash-stain-background_vMlpd3st.png,2,Itinerary,2,NEGOMBO,Soft watercolor splash stain background,384,430,49956,-12.8,-21.2,38.2,53.5,vMlpd3stG58aHB3O9vM4VaBoitMYEBzJOS5cj2YM820.png
p2_03_kandy_7c1ae5ce.png,2,Itinerary,3,KANDY,,960,640,868265,19,3.5,29.9,24.9,7c1ae5ce-5932-4da7-acbe-090741e762f1
p2_04_negombo_669c5191.png,2,Itinerary,4,NEGOMBO,,900,1200,887764,-2.3,3.8,23.1,38.4,669c5191-fa4e-45a8-8f63-cd7605cf8ee5
p2_05_ella_26905114.png,2,Itinerary,5,ELLA,,1500,1000,1938162,74.8,5.6,26.3,21.9,26905114-07db-4b53-a341-396e3a288a60
p2_06_sigiriya_d0ab1c32.png,2,Itinerary,6,SIGIRIYA,,800,533,452439,47.8,5.7,28,23.3,d0ab1c32-190d-4651-a85c-6548cf9de923
p2_07_negombo_0bbb28d6.png,2,Itinerary,7,NEGOMBO,,705,468,376889,-8.8,24.5,33.8,28.1,0bbb28d6-24aa-43b4-821e-cd284acfee45
p2_08_galle_99f3da8d.png,2,Itinerary,8,GALLE,,1024,768,1254022,39.3,24.8,25.9,24.3,99f3da8d-00f0-4c3a-b1f9-deaadf2ada91
p2_09_galle_cdda466c.png,2,Itinerary,9,GALLE,,1600,1067,3320523,53.8,26.8,32.3,27,cdda466c-d94c-4fa3-87c4-b19261e36dcf
p2_10_colombo_95a5cb43.png,2,Itinerary,10,COLOMBO,,600,450,558950,80.1,27.2,21.4,20.1,95a5cb43-c158-4abe-a923-d6041a27fb6b
p2_11_mirissa_c672f37f.png,2,Itinerary,11,MIRISSA,,800,450,862528,18.6,27.4,28.1,19.7,c672f37f-8374-4203-91ab-35bcd1e741c7
p1_04_orange-watercolor-splotch-shape_kHM58rAM.png,2,Itinerary,12,GALLE,Orange Watercolor Splotch Shape,800,781,181741,13.7,40.5,55.5,71.1,kHM58rAMoUtp8h4_U8sDx9MgBZIAVXmZEHMmJbSCHR4.png
p2_13_galle_c6c0f09c.png,2,Itinerary,13,GALLE,,1366,768,1100108,46,50.3,28.6,20.1,c6c0f09c-9156-425a-a310-f5ba2e113dbd
p2_14_galle_afcc05bb.png,2,Itinerary,14,GALLE,,1600,1600,3999918,40.7,52.7,14.4,18,afcc05bb-6bf5-432a-b462-5afe26416da0
p2_15_colombo_1b49b9e8.png,2,Itinerary,15,COLOMBO,,1920,1080,2179070,72.6,52.7,28.5,20.1,1b49b9e8-47d9-43b2-bcf4-615409dd64b3
p2_16_yala_0bf5ec51.png,2,Itinerary,16,YALA,,1000,584,954423,0,53.2,20.7,15.1,0bf5ec51-6f7a-4407-b381-0c55bc71ecc4
p2_17_mirissa_c4e80fe8.png,2,Itinerary,17,MIRISSA,,960,720,1242068,20.7,53.2,22.3,20.9,c4e80fe8-bca6-43fe-9dc4-86dbf9866d9f
p2_18_yala_78f23d45.png,2,Itinerary,18,YALA,,626,418,364460,-4.7,66.5,28.2,23.5,78f23d45-a947-45c3-b417-bf450e9a47dd
p2_19_galle_3256d1fd.png,2,Itinerary,19,GALLE,,1200,706,974889,52,68,22,16.1,3256d1fd-7cb4-479e-bff4-c41e53b86de6
p1_19_d5eb0c97.jpg,2,Itinerary,20,,,736,1081,166778,40.6,68.9,12.1,22.3,d5eb0c97-8b2f-405b-9e26-3226ebdf283a
p2_21_colombo_8541d2fc.png,2,Itinerary,21,COLOMBO,,750,561,425806,72.6,69.8,16.6,15.5,8541d2fc-b505-4ba5-a181-12715db558bd
p2_22_mirissa_214aceda.png,2,Itinerary,22,MIRISSA,,1200,800,1265441,23.5,72.3,17.4,14.5,214aceda-84df-4c33-9b3a-4f5bd874cc3f
p2_23_colombo_69e199e7.png,2,Itinerary,23,COLOMBO,,1500,1000,1872255,77.8,72.9,32.8,27.4,69e199e7-b15b-4ef2-a63e-c0f98f0fb337
p2_24_7b94d496.png,2,Itinerary,24,,,1600,800,1066011,41.4,82.1,33.5,20.9,7b94d496-5703-445d-a332-d7f231f9d361
p2_25_e6e7955a.png,2,Itinerary,25,,,438,280,223955,-0.2,83.4,24.2,19.4,e6e7955a-7043-4e8c-bce1-763165cfb449
p2_26_953579dd.png,2,Itinerary,26,,,700,456,720118,68.7,84,19.6,16,953579dd-aa12-4d70-8180-d6b458eea49f
p2_27_578173d7.png,2,Itinerary,27,,,1200,800,2242168,24.1,86.1,19.4,16.2,578173d7-3dd2-4048-b0e3-e6aa3be72ea4
p2_03_kandy_7c1ae5ce.png,3,Itinerary,1,KANDY,,960,640,868265,19,3.5,29.9,24.9,7c1ae5ce-5932-4da7-acbe-090741e762f1
p2_04_negombo_669c5191.png,3,Itinerary,2,NEGOMBO,,900,1200,887764,-2.3,3.8,23.1,38.4,669c5191-fa4e-45a8-8f63-cd7605cf8ee5
p2_05_ella_26905114.png,3,Itinerary,3,ELLA,,1500,1000,1938162,74.8,5.6,26.3,21.9,26905114-07db-4b53-a341-396e3a288a60
p2_06_sigiriya_d0ab1c32.png,3,Itinerary,4,SIGIRIYA,,800,533,452439,47.8,5.7,28,23.3,d0ab1c32-190d-4651-a85c-6548cf9de923
p2_07_negombo_0bbb28d6.png,3,Itinerary,5,NEGOMBO,,705,468,376889,-8.8,24.5,33.8,28.1,0bbb28d6-24aa-43b4-821e-cd284acfee45
p2_08_galle_99f3da8d.png,3,Itinerary,6,GALLE,,1024,768,1254022,39.3,24.8,25.9,24.3,99f3da8d-00f0-4c3a-b1f9-deaadf2ada91
p2_09_galle_cdda466c.png,3,Itinerary,7,GALLE,,1600,1067,3320523,53.8,26.8,32.3,27,cdda466c-d94c-4fa3-87c4-b19261e36dcf
p2_10_colombo_95a5cb43.png,3,Itinerary,8,COLOMBO,,600,450,558950,80.1,27.2,21.4,20.1,95a5cb43-c158-4abe-a923-d6041a27fb6b
p2_11_mirissa_c672f37f.png,3,Itinerary,9,MIRISSA,,800,450,862528,18.6,27.4,28.1,19.7,c672f37f-8374-4203-91ab-35bcd1e741c7
p2_13_galle_c6c0f09c.png,3,Itinerary,10,GALLE,,1366,768,1100108,46,50.3,28.6,20.1,c6c0f09c-9156-425a-a310-f5ba2e113dbd
p2_14_galle_afcc05bb.png,3,Itinerary,11,GALLE,,1600,1600,3999918,40.7,52.7,14.4,18,afcc05bb-6bf5-432a-b462-5afe26416da0
p2_15_colombo_1b49b9e8.png,3,Itinerary,12,COLOMBO,,1920,1080,2179070,72.6,52.7,28.5,20.1,1b49b9e8-47d9-43b2-bcf4-615409dd64b3
p2_16_yala_0bf5ec51.png,3,Itinerary,13,YALA,,1000,584,954423,0,53.2,20.7,15.1,0bf5ec51-6f7a-4407-b381-0c55bc71ecc4
p2_17_mirissa_c4e80fe8.png,3,Itinerary,14,MIRISSA,,960,720,1242068,20.7,53.2,22.3,20.9,c4e80fe8-bca6-43fe-9dc4-86dbf9866d9f
p2_18_yala_78f23d45.png,3,Itinerary,15,YALA,,626,418,364460,-4.7,66.5,28.2,23.5,78f23d45-a947-45c3-b417-bf450e9a47dd
p2_19_galle_3256d1fd.png,3,Itinerary,16,GALLE,,1200,706,974889,52,68,22,16.1,3256d1fd-7cb4-479e-bff4-c41e53b86de6
p1_19_d5eb0c97.jpg,3,Itinerary,17,,,736,1081,166778,40.6,68.9,12.1,22.3,d5eb0c97-8b2f-405b-9e26-3226ebdf283a
p2_21_colombo_8541d2fc.png,3,Itinerary,18,COLOMBO,,750,561,425806,72.6,69.8,16.6,15.5,8541d2fc-b505-4ba5-a181-12715db558bd
p2_22_mirissa_214aceda.png,3,Itinerary,19,MIRISSA,,1200,800,1265441,23.5,72.3,17.4,14.5,214aceda-84df-4c33-9b3a-4f5bd874cc3f
p2_23_colombo_69e199e7.png,3,Itinerary,20,COLOMBO,,1500,1000,1872255,77.8,72.9,32.8,27.4,69e199e7-b15b-4ef2-a63e-c0f98f0fb337
p2_24_7b94d496.png,3,Itinerary,21,,,1600,800,1066011,41.4,82.1,33.5,20.9,7b94d496-5703-445d-a332-d7f231f9d361
p2_25_e6e7955a.png,3,Itinerary,22,,,438,280,223955,-0.2,83.4,24.2,19.4,e6e7955a-7043-4e8c-bce1-763165cfb449
p2_26_953579dd.png,3,Itinerary,23,,,700,456,720118,68.7,84,19.6,16,953579dd-aa12-4d70-8180-d6b458eea49f
p2_27_578173d7.png,3,Itinerary,24,,,1200,800,2242168,24.1,86.1,19.4,16.2,578173d7-3dd2-4048-b0e3-e6aa3be72ea4
p4_01_685bd20c.png,4,Map,1,,,612,612,16827,-16.5,-61.3,133,166.3,685bd20c-2101-4c71-98e0-5333f6f1ef8a
p4_02_watercolor-splash-clip-art_a3dbd640.png,4,Map,2,Sigiriya,Watercolor splash clip art,781,800,408629,18.8,4.1,62.5,80,a3dbd640-86bc-4167-9ba4-9d8d6c6b8dc6
p4_03_sigiriya_a5a9f3b5.png,4,Map,3,Sigiriya,,580,387,330651,49.1,10.4,10.7,8.9,a5a9f3b5-a924-447d-8e08-ccd5d9985b6a
p4_04_buddha_8af958fe.png,4,Map,4,Sigiriya,Buddha,96,150,5161,39.4,13.1,6.3,12.3,8af958fe-fcf6-459e-a631-166432fb653a
p4_05_india-detailed-nostalgia-storybook-anima_IZMwHDam.png,4,Map,5,Kandy,India Detailed Nostalgia Storybook Animals Indian Elephant,75,64,4671,41.7,31.3,7.9,8.5,IZMwHDamIvAfS3kSur4kVRgVCBCgLL-nenDyi-pN9c0.svg
p4_06_umbrella-beach-watercolor-illustration-f_OfUELifk.png,4,Map,6,Negombo,umbrella beach watercolor illustration for summer beach.,615,800,94349,24.8,33.6,4.6,7.4,OfUELifkrYJm32ctaopEdjIZYWW77LgUpWYYXGnsuEw.png
p4_07_watercolor-grapefruit-slice_tM6eyqDV.png,4,Map,7,Negombo,Watercolor Grapefruit Slice,800,783,354877,29.9,33.6,6.2,7.6,tM6eyqDVkHXuPvNblu8hviZC4A8EhMW0sMRtCmF_0-I.png
p4_08_bunting-gradient-icon_O0Cyr0QY.png,4,Map,8,Kandy,bunting gradient icon,50,42,2286,47.6,35.6,5.7,6,O0Cyr0QYYm55x6bLOiARGaUZMrcfi0epZ96O-Fr1oNk.svg
p4_09_watercolor-landscape-with-mountains_avCZbiG8.png,4,Map,9,Ella,Watercolor Landscape with Mountains,149,104,28825,62.8,42.1,11.7,10.2,avCZbiG8NSYCEivgLY60sE2DmFazaCVsBMPRJqv6mXg.png
p4_10_airplane-tickets-watercolor_788b1668.png,4,Map,10,Negombo,airplane tickets watercolor,74,50,10651,19.4,44.8,6.7,5.6,788b1668-7c60-439e-981d-9918765fb226
p4_11_cute-herbal-tea_dee6fc99.png,4,Map,11,Ella,Cute herbal tea,50,43,4912,58.6,46.5,4.2,4.5,dee6fc99-2577-4dfc-a0e6-5c8530950b82
p4_12_watercolor-ticket_WDBxJiwS.png,4,Map,12,Kandy,Watercolor ticket,50,49,5822,44.6,47,3.7,4.6,WDBxJiwSvtRHX1F_CBcTdVuqu41kDju0SjFIDIwRptA.png
p4_13_lotus-tower-sri-lanka-clipart_bb559a3f.png,4,Map,13,Colombo,lotus tower Sri Lanka clipart,30,150,4480,24,47.4,2,12.3,bb559a3f-fb24-4041-a5ff-47faa07dae84
p4_14_painterly-scenic-train-tracks_d619c062.png,4,Map,14,Ella,Painterly Scenic Train Tracks,50,48,5032,50.5,48.7,7.8,9.6,d619c062-5dba-41fb-bcd7-22bc08d35286
p4_15_watercolor-backpack_c25d6303.png,4,Map,15,Colombo,Watercolor Backpack,37,49,5092,27,61.6,4.4,7.3,c25d6303-ef01-4c12-9042-c09e9a0eb0af
p4_16_elephant-watercolor-illustration_ae4ca3c1.png,4,Map,16,Yala,Elephant Watercolor Illustration,736,800,723968,65.3,64.2,5.7,7.8,ae4ca3c1-5d0d-4aae-bca0-edd5ca6e33ed
p4_17_watercolor-photography-composition-illus_UR7rvJtE.png,4,Map,17,Yala,Watercolor Photography Composition Illustration,74,74,13640,54.1,64.3,8.3,10.4,UR7rvJtEGzX3jRM_9xikuX-lpR_UNNBXt-0mzAG4ip8.png
p4_18_watercolor-turtle-illustration_sjp-Jy5f.png,4,Map,18,Colombo,Watercolor Turtle Illustration,74,66,7788,17.3,66.3,7.7,8.5,sjp-Jy5fEzEDMzva9mcK4vE1HbwNKwo5gCg1zU60AUs.png
p4_19_watercolor-galle-lighthouse-sri-lanka_5QUp4Krm.png,4,Map,19,Galle,Watercolor galle lighthouse sri lanka,44,74,5992,30.3,70.5,5.3,11.1,5QUp4Krm4biRFhB4XCuS-aI1vYOryXjFxvnD4q1kE1w.png
p4_18_watercolor-turtle-illustration_sjp-Jy5f.png,4,Map,20,,Watercolor Turtle Illustration,74,66,7788,15.2,72.8,4.2,4.6,sjp-Jy5fEzEDMzva9mcK4vE1HbwNKwo5gCg1zU60AUs.png
p4_18_watercolor-turtle-illustration_sjp-Jy5f.png,4,Map,21,Galle,Watercolor Turtle Illustration,74,66,7788,22,73.8,4.2,4.6,sjp-Jy5fEzEDMzva9mcK4vE1HbwNKwo5gCg1zU60AUs.png
p4_22_watercolor-blue-scooter_YtVJlAjQ.png,4,Map,22,Yala,Watercolor Blue Scooter,48,74,10265,51,77.3,4.9,8.4,YtVJlAjQh7l39EW6ikiqo2LxMpt7Kl8NLDvgZVI24k8.png
p4_23_island-watercolor-illustration_903cec9e.png,4,Map,23,Mirissa,island watercolor illustration,74,52,7847,39.6,79.5,8.3,7.3,903cec9e-d721-4313-8e34-3003ac5bc5e7
p4_24_whale-watercolor-illustration_5e86a9c0.png,4,Map,24,Yala,Whale Watercolor Illustration,150,104,20029,62.4,87.3,9.9,8.6,5e86a9c0-b4e9-4a61-9909-0a371f8281c1
p4_24_whale-watercolor-illustration_5e86a9c0.png,4,Map,25,Yala,Whale Watercolor Illustration,150,104,20029,57,88,9.9,8.6,5e86a9c0-b4e9-4a61-9909-0a371f8281c1
